"PNAME","TITLE_RAW","TOT.HOURS","TOT.COMP","title.standard","TitleTxt6","TitleTxt5","TitleTxt4","TitleTxt3","TitleTxt2","OBJECT_ID","EIN","NAME","TAXYR","FORMTYPE","URL","F9_07_COMP_DTK_TITLE","F9_07_COMP_DTK_AVE_HOUR_WEEK","F9_07_COMP_DTK_AVE_HOUR_WEEK_RL","F9_07_COMP_DTK_POS_INDIV_TRUST_X","F9_07_COMP_DTK_POS_OFF_X","F9_07_COMP_DTK_COMP_ORG","F9_07_COMP_DTK_COMP_RLTD","F9_07_COMP_DTK_COMP_OTH","F9_07_COMP_DTK_POS_KEY_EMPL_X","F9_07_COMP_DTK_POS_INST_TRUST_X","F9_07_COMP_DTK_POS_HIGH_COMP_X","F9_07_COMP_DTK_EMPL_BEN","F9_07_COMP_DTK_POS_FORMER_X","date.x","Num.Titles","SCHED.O","SCHED.AT.LARGE","AS.NEEDED","EX.OFFICIO","CO","REGIONAL","FUTURE","FORMER","INTERIM","domain.category","domainl.label","soc.label","major.group","minor.group","broad.group","detailed.occupation","emp","ceo","c.level","dir.vp","mgr","spec","board","pres","vp","sec","treas","com"
"GORDON SMITH","Vice President","55","1424872","VICE PRESIDENT","VICE PRESIDENT","VICE PRESIDENT","VICE PRESIDENT","VICE PRESIDENT","VICE PRESIDENT","201903199349302420","271368195","USTA PLAYER DEVELOPMENT INCORPORATED","2018","990","https://nccs-efile.s3.us-east-1.amazonaws.com/xml/201903199349302420_public.xml","VICE PRESIDENT","5","50","0","1","0","1265279","159593","0","0","0",NA,"0","0","1","0","0","0","0","0","0","0","0","0","operations","administration","General and operations manager","11","11-1000","11-1020","11-1021","X","","","X","","","","","","","",""
"LESLIE HURTIG","SECRETARY","55","186116","BOARD SECRETARY","SECRETARY","SECRETARY","SECRETARY","SECRETARY","SECRETARY","202021929349301857","752974931","PENN PRAXIS INC","2018","990","https://nccs-efile.s3.us-east-1.amazonaws.com/xml/202021929349301857_public.xml","SECRETARY","1","54","1","1","0","161516","24600","0","0","0",NA,"0","0","1","0","0","0","0","0","0","0","0","0","board","board","","","","","","","","","","","","X","","","X","",""
"TAMARA WINFREY-HARRIS","VP OF COMMUNITY LEADERSHIP","41","139600",NA,"VICE PRESIDENT OF COMMUNICATIONS LEADERSHIP","VICE PRESIDENT OF COMMUNICATIONS LEADERSHIP","VP OF COMMUNITY LEADERSHIP","VP OF COMMUNITY LEADERSHIP","VP OF COMMUNITY LEADERSHIP","201903199349306025","351793680","Central Indiana Community Foundation Inc","2018","990","https://nccs-efile.s3.us-east-1.amazonaws.com/xml/201903199349306025_public.xml","VP OF COMMUNITY LEADERSHIP","24","17","0","1","69809","46540","23251","0","0","0",NA,"0","0","1","0","0","0","0","0","0","0","0","0",NA,NA,NA,NA,NA,NA,NA,NA,NA,NA,NA,NA,NA,NA,NA,NA,NA,NA,NA
"CHRISTOPHER HUNT","EXECUTIVE VICE PRESIDENT","40","207813","EXECUTIVE VICE PRESIDENT","EXECUTIVE VICE PRESIDENT","EXECUTIVE VICE PRESIDENT","EXECUTIVE VICE PRESIDENT","EXECUTIVE VICE PRESIDENT","EXECUTIVE VICE PRESIDENT","201932109349300538","043328276","INFUSION NURSES CERTIFICATION CORP INC","2018","990","https://nccs-efile.s3.us-east-1.amazonaws.com/xml/201932109349300538_public.xml","EXECUTIVE VICE PRESIDENT","40","0","0","1","0","207813","0","0","0","0",NA,"0","0","1","0","0","0","0","0","0","0","0","0","operations","administration","General and operations manager","11","11-1000","11-1020","11-1021","X","","","X","","","","","","","",""
"Jerome Shaffer CPS","Board Member Treasurer and CFO","40","300055",NA,"BOARD MEMBER TREASURER AND CFO","BOARD MEMBER TREASURER AND CFO","BOARD MEMBER TREASURER AND CFO","BOARD MEMBER TREASURER AND CFO","BOARD MEMBER TREASURER AND CFO","202021909349301007","208295721","UPMC GROUP","2018","990","https://nccs-efile.s3.us-east-1.amazonaws.com/xml/202021909349301007_public.xml","BOARD MEMBER TREASURER AND CFO","40","0","1","1","259186","0","40869","0","0","0",NA,"0","0","1","0","0","0","0","0","0","0","0","0",NA,NA,NA,NA,NA,NA,NA,NA,NA,NA,NA,NA,NA,NA,NA,NA,NA,NA,NA
"WILLIAM HOLLENBECK","VP OF SHARED SERVICES","40","22212",NA,"VICE PRESIDENT OF SHARED SERVICES","VICE PRESIDENT OF SHARED SERVICES","VP OF SHARED SERVICES","VP OF SHARED SERVICES","VP OF SHARED SERVICES","201902739349301400","452195368","ST JOHN'S PENFIELD HOMES CORPORATION","2018","990","https://nccs-efile.s3.us-east-1.amazonaws.com/xml/201902739349301400_public.xml","VP OF SHARED SERVICES","1","39","0","1","0","22212","0","0","0","0",NA,"0","0","1","0","0","0","0","0","0","0","0","0",NA,NA,NA,NA,NA,NA,NA,NA,NA,NA,NA,NA,NA,NA,NA,NA,NA,NA,NA
"RICHARD HUDSPETH","CHIEF EXECUTIVE OFFICER/CHIEF MEDICAL OFFICER","40","232854","CEO","CEO","CEO","CHIEF EXECUTIVE OFFICER","CHIEF EXECUTIVE OFFICER&CHIEF MEDICAL OFFICER","CHIEF EXECUTIVE OFFICER/CHIEF MEDICAL OFFICER","201943119349301384","560794933","BLUE RIDGE COMMUNITY HEALTH SERVICES INC","2018","990","https://nccs-efile.s3.us-east-1.amazonaws.com/xml/201943119349301384_public.xml","CHIEF EXECUTIVE OFFICER/CHIEF MEDICAL OFFICER","40","0","0","1","218638","0","14216","0","0","0",NA,"0","0","2","0","0","0","0","0","0","0","0","0","operations","administration","Chief executives","11","11-1000","11-1010","11-1011","X","X","","","","","","","","","",""
"RICHARD HUDSPETH","CHIEF EXECUTIVE OFFICER/CHIEF MEDICAL OFFICER","40","232854",NA,"CHIEF MEDICAL OFFICER","CHIEF MEDICAL OFFICER","CHIEF MEDICAL OFFICER","CHIEF EXECUTIVE OFFICER&CHIEF MEDICAL OFFICER","CHIEF EXECUTIVE OFFICER/CHIEF MEDICAL OFFICER","201943119349301384","560794933","BLUE RIDGE COMMUNITY HEALTH SERVICES INC","2018","990","https://nccs-efile.s3.us-east-1.amazonaws.com/xml/201943119349301384_public.xml","CHIEF EXECUTIVE OFFICER/CHIEF MEDICAL OFFICER","40","0","0","1","218638","0","14216","0","0","0",NA,"0","0","1","0","0","0","0","0","0","0","0","0",NA,NA,NA,NA,NA,NA,NA,NA,NA,NA,NA,NA,NA,NA,NA,NA,NA,NA,NA
"TRUDY MURRAY","INTERIM EXEC","40","60777","BOARD MEMBER","EXECUTIVE","INTERIM EXECUTIVE","INTERIM EXEC","INTERIM EXEC","INTERIM EXEC","201943539349300604","566067763","EASTERN CAROLINA HUMAN SERVICES","2018","990","https://nccs-efile.s3.us-east-1.amazonaws.com/xml/201943539349300604_public.xml","INTERIM EXEC","40","0","0","1","60777","0","0","0","0","0",NA,"0","0","1","0","0","0","0","0","0","0","0","1","board","board","","","","","","","","","","","","X","","","","",""
"FAITH NUTZ","ASST. SEC/TR","40","133516","ASSISTANT SECRETARY","ASSISTANT SECRETARY","ASSISTANT SECRETARY","ASST SEC","ASST SEC&TR","ASST SEC/TR","201903159349303335","581876012","CONROE VOA ELDERLY HOUSING INC","2018","990","https://nccs-efile.s3.us-east-1.amazonaws.com/xml/201903159349303335_public.xml","ASST SEC/TR","0","40","0","1","0","114887","18629","0","0","0",NA,"0","0","2","0","0","0","0","0","0","0","0","0","operations","administration","Secretaries and administrative assistants","43","43-6000","43-6010","","X","","","","","X","","","","","",""
"FAITH NUTZ","ASST. SEC/TR","40","133516","TREASURER","TREASURER","TREASURER","TR","ASST SEC&TR","ASST SEC/TR","201903159349303335","581876012","CONROE VOA ELDERLY HOUSING INC","2018","990","https://nccs-efile.s3.us-east-1.amazonaws.com/xml/201903159349303335_public.xml","ASST SEC/TR","0","40","0","1","0","114887","18629","0","0","0",NA,"0","0","1","0","0","0","0","0","0","0","0","0","board","board","","","","","","","","","","","","X","","","","X",""
"Pat L Wheeler","President","40","16734","BOARD PRESIDENT","PRESIDENT","PRESIDENT","PRESIDENT","PRESIDENT","PRESIDENT","201902109349200415","753023308","Orphans Assistance and Rescue Inc","2018","990EZ","https://nccs-efile.s3.us-east-1.amazonaws.com/xml/201902109349200415_public.xml","PRESIDENT","40","0",NA,NA,"7734",NA,"0",NA,NA,NA,"9000",NA,"0","1","0","0","0","0","0","0","0","0","0","board","board","","","","","","","","","","","","X","X","","","",""
"Pat L Wheeler","President","40","16734","CEO","PRESIDENT","PRESIDENT","PRESIDENT","PRESIDENT","PRESIDENT","201902109349200415","753023308","Orphans Assistance and Rescue Inc","2018","990EZ","https://nccs-efile.s3.us-east-1.amazonaws.com/xml/201902109349200415_public.xml","PRESIDENT","40","0",NA,NA,"7734",NA,"0",NA,NA,NA,"9000",NA,"0","1","0","0","0","0","0","0","0","0","0","operations","administration","Chief executives","11","11-1000","11-1010","11-1011","X","X","","","","","","","","","",""
"Richard C Brown","Secretary-Treas","40","0",NA,"SECRETARY-TREASURER","SECRETARY-TREASURER","SECRETARY-TREAS","SECRETARY-TREAS","SECRETARY-TREAS","201943199349315059","815353529","UCB International Ministries","2018","990","https://nccs-efile.s3.us-east-1.amazonaws.com/xml/201943199349315059_public.xml","SECRETARY-TREAS","40","0","0","1","0","0","0","0","0","0",NA,"0","0","1","0","0","0","0","0","0","0","0","0",NA,NA,NA,NA,NA,NA,NA,NA,NA,NA,NA,NA,NA,NA,NA,NA,NA,NA,NA
"BARRY V GAY","FORMER EXEC.","40","20731","BOARD MEMBER","EXECUTIVE","FORMER EXECUTIVE","FORMER EXEC","FORMER EXEC","FORMER EXEC","202011779349300036","990326282","NA HOALOHA-MAUI INTERFAITH","2018","990","https://nccs-efile.s3.us-east-1.amazonaws.com/xml/202011779349300036_public.xml","FORMER EXEC","40","0","0","1","20731","0","0","0","0","0",NA,"0","0","1","0","0","0","0","0","0","0","1","0","board","board","","","","","","","","","","","","X","","","","",""
"TONYA MADDOX","SECRETARY","30","12775","BOARD SECRETARY","SECRETARY","SECRETARY","SECRETARY","SECRETARY","SECRETARY","201902599349301450","463340123","EAGLES NEST REGENERATION","2018","990","https://nccs-efile.s3.us-east-1.amazonaws.com/xml/201902599349301450_public.xml","SECRETARY","30","0","1","1","12775","0","0","0","0","0",NA,"0","0","1","0","0","0","0","0","0","0","0","0","board","board","","","","","","","","","","","","X","","","X","",""
"Woodie Speed","Show Announcer","25","5600",NA,"SHOW ANNOUNCER","SHOW ANNOUNCER","SHOW ANNOUNCER","SHOW ANNOUNCER","SHOW ANNOUNCER","201942919349300739","593487826","Pinellas County Hunter AssociationInc","2018","990","https://nccs-efile.s3.us-east-1.amazonaws.com/xml/201942919349300739_public.xml","SHOW ANNOUNCER","25","0","0","0","5600","0","0","0","0","1",NA,"0","0","1","0","0","0","0","0","0","0","0","0",NA,NA,NA,NA,NA,NA,NA,NA,NA,NA,NA,NA,NA,NA,NA,NA,NA,NA,NA
"ALFRED MARTIN","PRESIDENT","20","0","BOARD PRESIDENT","PRESIDENT","PRESIDENT","PRESIDENT","PRESIDENT","PRESIDENT","201921339349302417","550333042","AMERICAN LEGION POST 149","2018","990","https://nccs-efile.s3.us-east-1.amazonaws.com/xml/201921339349302417_public.xml","PRESIDENT","20","0","1","1","0","0","0","0","0","0",NA,"0","0","1","0","0","0","0","0","0","0","0","0","board","board","","","","","","","","","","","","X","X","","","",""
"ALFRED MARTIN","PRESIDENT","20","0","CEO","PRESIDENT","PRESIDENT","PRESIDENT","PRESIDENT","PRESIDENT","201921339349302417","550333042","AMERICAN LEGION POST 149","2018","990","https://nccs-efile.s3.us-east-1.amazonaws.com/xml/201921339349302417_public.xml","PRESIDENT","20","0","1","1","0","0","0","0","0","0",NA,"0","0","1","0","0","0","0","0","0","0","0","0","operations","administration","Chief executives","11","11-1000","11-1010","11-1011","X","X","","","","","","","","","",""
"TRINICE CHISHOLM","VICE PRESIDENT","20","0","VICE PRESIDENT","VICE PRESIDENT","VICE PRESIDENT","VICE PRESIDENT","VICE PRESIDENT","VICE PRESIDENT","202031149349200203","813524944","GLOBAL INSTITUTE OF COLLEGE PLANNING INC","2018","990EZ","https://nccs-efile.s3.us-east-1.amazonaws.com/xml/202031149349200203_public.xml","VICE PRESIDENT","20","0",NA,NA,"0",NA,"0",NA,NA,NA,"0",NA,"0","1","0","0","0","0","0","0","0","0","0","operations","administration","General and operations manager","11","11-1000","11-1020","11-1021","X","","","X","","","","","","","",""
"Marilyn Bell","Executive Director","12","0","CEO","CEO","CEO","EXECUTIVE DIRECTOR","EXECUTIVE DIRECTOR","EXECUTIVE DIRECTOR","201901319349300115","510152693","The Chamber Music Conference and Composers' Forum of the East Inc","2018","990","https://nccs-efile.s3.us-east-1.amazonaws.com/xml/201901319349300115_public.xml","EXECUTIVE DIRECTOR","12","0","0","0","0","0","0","1","0","0",NA,"0","0","1","0","0","0","0","0","0","0","0","0","operations","administration","Chief executives","11","11-1000","11-1010","11-1011","X","X","","","","","","","","","",""
"Paul Perconti","Board Chairman","10","0","BOARD PRESIDENT","BOARD CHAIR","BOARD CHAIR","BOARD CHAIRMAN","BOARD CHAIRMAN","BOARD CHAIRMAN","202030239349300733","043798875","West End School Inc","2018","990","https://nccs-efile.s3.us-east-1.amazonaws.com/xml/202030239349300733_public.xml","BOARD CHAIRMAN","10","0","1","0","0","0","0","0","0","0",NA,"0","0","1","0","0","0","0","0","0","0","0","0","board","board","","","","","","","","","","","","X","X","","","",""
"JUDY KLAPP","SECRETARY","10","0","BOARD SECRETARY","SECRETARY","SECRETARY","SECRETARY","SECRETARY","SECRETARY","201901379349300935","141696968","NEW SALEM VOLUNTEER FIRE DEPARTMENT","2018","990","https://nccs-efile.s3.us-east-1.amazonaws.com/xml/201901379349300935_public.xml","SECRETARY","10","0","0","1","0","0","0","0","0","0",NA,"0","0","1","0","0","0","0","0","0","0","0","0","board","board","","","","","","","","","","","","X","","","X","",""
"DANA O WILLIAMS","PRESIDENT ELECT","10","0","BOARD PRESIDENT","PRESIDENT","PRESIDENT ELECT","PRESIDENT ELECT","PRESIDENT ELECT","PRESIDENT ELECT","202011979349307191","520815403","MARYLAND STATE BAR ASSOCIATION INC","2018","990","https://nccs-efile.s3.us-east-1.amazonaws.com/xml/202011979349307191_public.xml","PRESIDENT ELECT","10","0","1","1","0","0","0","0","0","0",NA,"0","0","1","0","0","0","0","0","0","1","0","0","board","board","","","","","","","","","","","","X","X","","","",""
"DANA O WILLIAMS","PRESIDENT ELECT","10","0","CEO","PRESIDENT","PRESIDENT ELECT","PRESIDENT ELECT","PRESIDENT ELECT","PRESIDENT ELECT","202011979349307191","520815403","MARYLAND STATE BAR ASSOCIATION INC","2018","990","https://nccs-efile.s3.us-east-1.amazonaws.com/xml/202011979349307191_public.xml","PRESIDENT ELECT","10","0","1","1","0","0","0","0","0","0",NA,"0","0","1","0","0","0","0","0","0","1","0","0","operations","administration","Chief executives","11","11-1000","11-1010","11-1011","X","X","","","","","","","","","",""
"John Jennings","Director","10","0","BOARD MEMBER","DIRECTOR","DIRECTOR","DIRECTOR","DIRECTOR","DIRECTOR","202041279349301014","521187261","West Friendship Volunteer Firemans Dept Inc","2018","990","https://nccs-efile.s3.us-east-1.amazonaws.com/xml/202041279349301014_public.xml","DIRECTOR","10","0","1","0","0","0","0","0","0","0",NA,"0","0","1","0","0","0","0","0","0","0","0","0","board","board","","","","","","","","","","","","X","","","","",""
"Gillian Windisch","Director","10","0","BOARD MEMBER","DIRECTOR","DIRECTOR","DIRECTOR","DIRECTOR","DIRECTOR","201923149349200067","931039552","American Institute of Graphic Arts","2018","990EZ","https://nccs-efile.s3.us-east-1.amazonaws.com/xml/201923149349200067_public.xml","DIRECTOR","10","0",NA,NA,"0",NA,NA,NA,NA,NA,NA,NA,"0","1","0","0","0","0","0","0","0","0","0","board","board","","","","","","","","","","","","X","","","","",""
"STEVE SPAULDING","ASST. VP - BASEBALL","10","0",NA,"ASSISTANT VICE PRESIDENT, BASEBALL","ASSISTANT VICE PRESIDENT, BASEBALL","ASST VP, BASEBALL","ASST VP, BASEBALL","ASST VP - BASEBALL","202010629349300126","943086807","ALAMEDA LITTLE LEAGUE","2018","990","https://nccs-efile.s3.us-east-1.amazonaws.com/xml/202010629349300126_public.xml","ASST VP - BASEBALL","10","0","1","0","0","0","0","0","0","0",NA,"0","0","1","0","0","0","0","0","0","0","0","0",NA,NA,NA,NA,NA,NA,NA,NA,NA,NA,NA,NA,NA,NA,NA,NA,NA,NA,NA
"CURTIS JOHNSON","Secretary","8","0","BOARD SECRETARY","SECRETARY","SECRETARY","SECRETARY","SECRETARY","SECRETARY","201943199349316919","300403249","PANORAMA BAPTIST SCHOOL","2018","990","https://nccs-efile.s3.us-east-1.amazonaws.com/xml/201943199349316919_public.xml","SECRETARY","8","0","1","1","0","0","0","0","0","0",NA,"0","0","1","0","0","0","0","0","0","0","0","0","board","board","","","","","","","","","","","","X","","","X","",""
"Robert Rye","President","5","0","BOARD PRESIDENT","PRESIDENT","PRESIDENT","PRESIDENT","PRESIDENT","PRESIDENT","202010989349301136","311443814","American Heritage Girls Inc","2018","990","https://nccs-efile.s3.us-east-1.amazonaws.com/xml/202010989349301136_public.xml","PRESIDENT","5","0","1","1","0","0","0","0","0","0",NA,"0","0","1","0","0","0","0","0","0","0","0","0","board","board","","","","","","","","","","","","X","X","","","",""
"Robert Rye","President","5","0","CEO","PRESIDENT","PRESIDENT","PRESIDENT","PRESIDENT","PRESIDENT","202010989349301136","311443814","American Heritage Girls Inc","2018","990","https://nccs-efile.s3.us-east-1.amazonaws.com/xml/202010989349301136_public.xml","PRESIDENT","5","0","1","1","0","0","0","0","0","0",NA,"0","0","1","0","0","0","0","0","0","0","0","0","operations","administration","Chief executives","11","11-1000","11-1010","11-1011","X","X","","","","","","","","","",""
"CYNTHIA GONYA","TREASURER","5","0","TREASURER","TREASURER","TREASURER","TREASURER","TREASURER","TREASURER","201913199349307501","320034746","BRAVEHEARTS THERAPEUTIC RIDING","2018","990","https://nccs-efile.s3.us-east-1.amazonaws.com/xml/201913199349307501_public.xml","TREASURER","5","0","1","1","0","0","0","0","0","0",NA,"0","0","1","0","0","0","0","0","0","0","0","0","board","board","","","","","","","","","","","","X","","","","X",""
"Meg Richardson","Vice President","5","0","VICE PRESIDENT","VICE PRESIDENT","VICE PRESIDENT","VICE PRESIDENT","VICE PRESIDENT","VICE PRESIDENT","201933169349306323","320455808","MENTONE ARTS AND CULTURE CENTER INC","2018","990","https://nccs-efile.s3.us-east-1.amazonaws.com/xml/201933169349306323_public.xml","VICE PRESIDENT","5","0","1","1","0","0","0","0","0","0",NA,"0","0","1","0","0","0","0","0","0","0","0","0","operations","administration","General and operations manager","11","11-1000","11-1020","11-1021","X","","","X","","","","","","","",""
"DONNA GRANBERG","DIRECTOR","5","0","BOARD MEMBER","DIRECTOR","DIRECTOR","DIRECTOR","DIRECTOR","DIRECTOR","201923199349310442","411460814","LIONS CLUB OF SCANDIA-MARINE INC","2018","990","https://nccs-efile.s3.us-east-1.amazonaws.com/xml/201923199349310442_public.xml","DIRECTOR","5","0","1","0","0","0","0","0","0","0",NA,"0","0","1","0","0","0","0","0","0","0","0","0","board","board","","","","","","","","","","","","X","","","","",""
"THOMAS GRIFFITHS","Trustee","5","0","BOARD MEMBER","TRUSTEE","TRUSTEE","TRUSTEE","TRUSTEE","TRUSTEE","201931969349300128","571176944","STATEN ISLAND LODGE 841 BPO OF ELKS","2018","990","https://nccs-efile.s3.us-east-1.amazonaws.com/xml/201931969349300128_public.xml","TRUSTEE","5","0","1","1","0","0","0","0","0","0",NA,"0","0","1","0","0","0","0","0","0","0","0","0","board","board","","","","","","","","","","","","X","","","","",""
"Violetta Yu","Secretary","4","0","BOARD SECRETARY","SECRETARY","SECRETARY","SECRETARY","SECRETARY","SECRETARY","201941319349200239","043052276","Wakefield Educational Foundation","2018","990EZ","https://nccs-efile.s3.us-east-1.amazonaws.com/xml/201941319349200239_public.xml","SECRETARY","4","0",NA,NA,"0",NA,"0",NA,NA,NA,"0",NA,"0","1","0","0","0","0","0","0","0","0","0","board","board","","","","","","","","","","","","X","","","X","",""
"MARK J MEKOTA","CHAIRMAN","4","0","BOARD PRESIDENT","CHAIR","CHAIR","CHAIRMAN","CHAIRMAN","CHAIRMAN","201931309349302833","205528488","CARE FOR OTHERS","2018","990","https://nccs-efile.s3.us-east-1.amazonaws.com/xml/201931309349302833_public.xml","CHAIRMAN","4","0","1","0","0","0","0","0","0","0",NA,"0","0","1","0","0","0","0","0","0","0","0","0","board","board","","","","","","","","","","","","X","X","","","",""
"NORMA HERNANDEZ","BOARD OF DIRECTOR","4","0","BOARD MEMBER","BOARD OF DIRECTOR","BOARD OF DIRECTOR","BOARD OF DIRECTOR","BOARD OF DIRECTOR","BOARD OF DIRECTOR","201913189349202146","770198049","MERCED CO HISPANIC CHAMBER OF COMMERCE","2018","990EZ","https://nccs-efile.s3.us-east-1.amazonaws.com/xml/201913189349202146_public.xml","BOARD OF DIRECTOR","4","0",NA,NA,"0",NA,"0",NA,NA,NA,"0",NA,"0","1","0","0","0","0","0","0","0","0","0","board","board","","","","","","","","","","","","X","","","","",""
"TERRY HARTWELL","BOARD MEMBER","2.2","0","BOARD MEMBER","BOARD MEMBER","BOARD MEMBER","BOARD MEMBER","BOARD MEMBER","BOARD MEMBER","202010579349300806","510073399","UNITED WAY OF DELAWARE","2018","990","https://nccs-efile.s3.us-east-1.amazonaws.com/xml/202010579349300806_public.xml","BOARD MEMBER","2","0.2","1","0","0","0","0","0","0","0",NA,"0","0","1","0","0","0","0","0","0","0","0","0","board","board","","","","","","","","","","","","X","","","","",""
"LAURA L KAYHART","PRESIDENT","2","0","BOARD PRESIDENT","PRESIDENT","PRESIDENT","PRESIDENT","PRESIDENT","PRESIDENT","202040459349300204","203253257","WESTMORELAND CLEANWAYS","2018","990","https://nccs-efile.s3.us-east-1.amazonaws.com/xml/202040459349300204_public.xml","PRESIDENT","2","0","1","1","0","0","0","0","0","0",NA,"0","0","1","0","0","0","0","0","0","0","0","0","board","board","","","","","","","","","","","","X","X","","","",""
"LAURA L KAYHART","PRESIDENT","2","0","CEO","PRESIDENT","PRESIDENT","PRESIDENT","PRESIDENT","PRESIDENT","202040459349300204","203253257","WESTMORELAND CLEANWAYS","2018","990","https://nccs-efile.s3.us-east-1.amazonaws.com/xml/202040459349300204_public.xml","PRESIDENT","2","0","1","1","0","0","0","0","0","0",NA,"0","0","1","0","0","0","0","0","0","0","0","0","operations","administration","Chief executives","11","11-1000","11-1010","11-1011","X","X","","","","","","","","","",""
"BOB BOARD","PAST PRESIDE","2","0","BOARD PRESIDENT","PRESIDENT","PAST PRESIDENT","PAST PRESIDE","PAST PRESIDE","PAST PRESIDE","201910799349300126","222575700","USS SAINT PAUL ASSOCIATION INC","2018","990","https://nccs-efile.s3.us-east-1.amazonaws.com/xml/201910799349300126_public.xml","PAST PRESIDE","2","0","0","1","0","0","0","0","0","0",NA,"0","0","1","0","0","0","0","0","0","0","1","0","board","board","","","","","","","","","","","","X","X","","","",""
"BOB BOARD","PAST PRESIDE","2","0","CEO","PRESIDENT","PAST PRESIDENT","PAST PRESIDE","PAST PRESIDE","PAST PRESIDE","201910799349300126","222575700","USS SAINT PAUL ASSOCIATION INC","2018","990","https://nccs-efile.s3.us-east-1.amazonaws.com/xml/201910799349300126_public.xml","PAST PRESIDE","2","0","0","1","0","0","0","0","0","0",NA,"0","0","1","0","0","0","0","0","0","0","1","0","operations","administration","Chief executives","11","11-1000","11-1010","11-1011","X","X","","","","","","","","","",""
"PAULETTE RICHIE","Director","2","0","BOARD MEMBER","DIRECTOR","DIRECTOR","DIRECTOR","DIRECTOR","DIRECTOR","201943039349301529","237000743","ARKANSAS REALTORS ASSOCIATION","2018","990","https://nccs-efile.s3.us-east-1.amazonaws.com/xml/201943039349301529_public.xml","DIRECTOR","2","0","1","0","0","0","0","0","0","0",NA,"0","0","1","0","0","0","0","0","0","0","0","0","board","board","","","","","","","","","","","","X","","","","",""
"BETH SHUSTER","DIRECTOR","2","0","BOARD MEMBER","DIRECTOR","DIRECTOR","DIRECTOR","DIRECTOR","DIRECTOR","202042259349300349","237439790","EDUCATION WRITERS ASSOCIATION","2018","990","https://nccs-efile.s3.us-east-1.amazonaws.com/xml/202042259349300349_public.xml","DIRECTOR","2","0","1","0","0","0","0","0","0","0",NA,"0","0","1","0","0","0","0","0","0","0","0","0","board","board","","","","","","","","","","","","X","","","","",""
"ANNA EVANS","DIRECTOR","2","0","BOARD MEMBER","DIRECTOR","DIRECTOR","DIRECTOR","DIRECTOR","DIRECTOR","201932069349300983","262464764","LIVEWELL COLORADO","2018","990","https://nccs-efile.s3.us-east-1.amazonaws.com/xml/201932069349300983_public.xml","DIRECTOR","2","0","1","0","0","0","0","0","0","0",NA,"0","0","1","0","0","0","0","0","0","0","0","0","board","board","","","","","","","","","","","","X","","","","",""
"KIMBERLY JOWERS","EXECUTIVE VICE PRESIDENT","2","0","EXECUTIVE VICE PRESIDENT","EXECUTIVE VICE PRESIDENT","EXECUTIVE VICE PRESIDENT","EXECUTIVE VICE PRESIDENT","EXECUTIVE VICE PRESIDENT","EXECUTIVE VICE PRESIDENT","202020459349300632","263143842","CYPRESS RANCH HIGH SCHOOL BAND BOOSTER","2018","990","https://nccs-efile.s3.us-east-1.amazonaws.com/xml/202020459349300632_public.xml","EXECUTIVE VICE PRESIDENT","2","0","0","1","0","0","0","0","0","0",NA,"0","0","1","0","0","0","0","0","0","0","0","0","operations","administration","General and operations manager","11","11-1000","11-1020","11-1021","X","","","X","","","","","","","",""
"JORDAN BENTLAGE","NATIONAL EXECUTIVE DIRECTOR","2","0","CEO","CEO","NATIONAL CEO","NATIONAL EXECUTIVE DIRECTOR","NATIONAL EXECUTIVE DIRECTOR","NATIONAL EXECUTIVE DIRECTOR","201922639349200007","264233828","SIGMA KAPPA SORORITY KAPPA RHO","2018","990EZ","https://nccs-efile.s3.us-east-1.amazonaws.com/xml/201922639349200007_public.xml","NATIONAL EXECUTIVE DIRECTOR","2","0",NA,NA,"0",NA,"0",NA,NA,NA,"0",NA,"0","1","0","0","0","0","0","1","0","0","0","operations","administration","Chief executives","11","11-1000","11-1010","11-1011","X","X","","","","","","","","","",""
"MISTY JOHNSON","VICE CHAIRMAN/DIRECTOR","2","0","BOARD MEMBER","DIRECTOR","DIRECTOR","DIRECTOR","VICE CHAIRMAN&DIRECTOR","VICE CHAIRMAN/DIRECTOR","201913029349300211","363809567","ILLINOIS HOTEL & LODGING EDUCATIONAL","2018","990","https://nccs-efile.s3.us-east-1.amazonaws.com/xml/201913029349300211_public.xml","VICE CHAIRMAN/DIRECTOR","2","0","1","1","0","0","0","0","0","0",NA,"0","0","1","0","0","0","0","0","0","0","0","0","board","board","","","","","","","","","","","","X","","","","",""
"MISTY JOHNSON","VICE CHAIRMAN/DIRECTOR","2","0","BOARD VICE PRESIDENT","VICE CHAIR","VICE CHAIR","VICE CHAIRMAN","VICE CHAIRMAN&DIRECTOR","VICE CHAIRMAN/DIRECTOR","201913029349300211","363809567","ILLINOIS HOTEL & LODGING EDUCATIONAL","2018","990","https://nccs-efile.s3.us-east-1.amazonaws.com/xml/201913029349300211_public.xml","VICE CHAIRMAN/DIRECTOR","2","0","1","1","0","0","0","0","0","0",NA,"0","0","2","0","0","0","0","0","0","0","0","0","board","board","","","","","","","","","","","","X","","X","","",""
"MARGARET RICE","BOARD MEMBER","2","0","BOARD MEMBER","BOARD MEMBER","BOARD MEMBER","BOARD MEMBER","BOARD MEMBER","BOARD MEMBER","201943229349200339","364024545","ROTARY CLUB OF CAMAS-WASHOUGAL","2018","990EZ","https://nccs-efile.s3.us-east-1.amazonaws.com/xml/201943229349200339_public.xml","BOARD MEMBER","2","0",NA,NA,"0",NA,NA,NA,NA,NA,NA,NA,"0","1","0","0","0","0","0","0","0","0","0","board","board","","","","","","","","","","","","X","","","","",""
"HOWARD GOTTLIEB","DIRECTOR","2","0","BOARD MEMBER","DIRECTOR","DIRECTOR","DIRECTOR","DIRECTOR","DIRECTOR","202020629349300207","364449110","CHICAGO'S NORTH SHORE CONVENTION AND","2018","990","https://nccs-efile.s3.us-east-1.amazonaws.com/xml/202020629349300207_public.xml","DIRECTOR","2","0","1","0","0","0","0","0","0","0",NA,"0","0","1","0","0","0","0","0","0","0","0","0","board","board","","","","","","","","","","","","X","","","","",""
"Ed Anderson","Director","2","0","BOARD MEMBER","DIRECTOR","DIRECTOR","DIRECTOR","DIRECTOR","DIRECTOR","202021539349200047","370755871","Western Illinois Youth Camp Association","2018","990EZ","https://nccs-efile.s3.us-east-1.amazonaws.com/xml/202021539349200047_public.xml","DIRECTOR","2","0",NA,NA,"0",NA,NA,NA,NA,NA,NA,NA,"0","1","0","0","0","0","0","0","0","0","0","board","board","","","","","","","","","","","","X","","","","",""
"SENAIDA HUDSON","BOARD CHAIR","2","0","BOARD PRESIDENT","BOARD CHAIR","BOARD CHAIR","BOARD CHAIR","BOARD CHAIR","BOARD CHAIR","202012269349302336","382577323","NEWAYGO COUNTY PREVENTION OF CHILD","2018","990","https://nccs-efile.s3.us-east-1.amazonaws.com/xml/202012269349302336_public.xml","BOARD CHAIR","2","0","1","1","0","0","0","0","0","0",NA,"0","0","1","0","0","0","0","0","0","0","0","0","board","board","","","","","","","","","","","","X","X","","","",""
"STEVE RINNE","DIRECTOR","2","0","BOARD MEMBER","DIRECTOR","DIRECTOR","DIRECTOR","DIRECTOR","DIRECTOR","201902409349300835","430994417","SHEPHERD'S CENTER OF KANSAS CITY","2018","990","https://nccs-efile.s3.us-east-1.amazonaws.com/xml/201902409349300835_public.xml","DIRECTOR","2","0","1","0","0","0","0","0","0","0",NA,"0","0","1","0","0","0","0","0","0","0","0","0","board","board","","","","","","","","","","","","X","","","","",""
"LARA HEBERT","DIRECTOR","2","0","BOARD MEMBER","DIRECTOR","DIRECTOR","DIRECTOR","DIRECTOR","DIRECTOR","202010629349300801","461643964","DREAAM OPPORTUNITY CENTER","2018","990","https://nccs-efile.s3.us-east-1.amazonaws.com/xml/202010629349300801_public.xml","DIRECTOR","2","0","1","0","0","0","0","0","0","0",NA,"0","0","1","0","0","0","0","0","0","0","0","0","board","board","","","","","","","","","","","","X","","","","",""
"RON ATTMAN","IMMEDIATE PAST PRESIDENT","2","0","BOARD PRESIDENT","PRESIDENT","IMMEDIATE PAST PRESIDENT","IMMEDIATE PAST PRESIDENT","IMMEDIATE PAST PRESIDENT","IMMEDIATE PAST PRESIDENT","202001979349300110","520607909","JEWISH COMMUNITY SERVICES INC","2018","990","https://nccs-efile.s3.us-east-1.amazonaws.com/xml/202001979349300110_public.xml","IMMEDIATE PAST PRESIDENT","2","0","1","0","0","0","0","0","0","0",NA,"0","0","1","0","0","0","0","0","0","0","1","0","board","board","","","","","","","","","","","","X","X","","","",""
"RON ATTMAN","IMMEDIATE PAST PRESIDENT","2","0","CEO","PRESIDENT","IMMEDIATE PAST PRESIDENT","IMMEDIATE PAST PRESIDENT","IMMEDIATE PAST PRESIDENT","IMMEDIATE PAST PRESIDENT","202001979349300110","520607909","JEWISH COMMUNITY SERVICES INC","2018","990","https://nccs-efile.s3.us-east-1.amazonaws.com/xml/202001979349300110_public.xml","IMMEDIATE PAST PRESIDENT","2","0","1","0","0","0","0","0","0","0",NA,"0","0","1","0","0","0","0","0","0","0","1","0","operations","administration","Chief executives","11","11-1000","11-1010","11-1011","X","X","","","","","","","","","",""
"Aniket Shah","BOARD CHAIR (through 09/18)","2","0",NA,"BOARD CHAIR ( )","BOARD CHAIR (THROUGH )","BOARD CHAIR (THROUGH )","BOARD CHAIR (THROUGH )","BOARD CHAIR (THROUGH )","201912469349300601","520851555","AMNESTY INTERNATIONAL OF THE USA INC","2018","990","https://nccs-efile.s3.us-east-1.amazonaws.com/xml/201912469349300601_public.xml","BOARD CHAIR (THROUGH 09/18)","2","0","1","0","0","0","0","0","0","0",NA,"0","1","1","0","0","0","0","0","0","0","1","0",NA,NA,NA,NA,NA,NA,NA,NA,NA,NA,NA,NA,NA,NA,NA,NA,NA,NA,NA
"J KEMPER FUNKHOUSER","VICE PRESIDENT","2","0","VICE PRESIDENT","VICE PRESIDENT","VICE PRESIDENT","VICE PRESIDENT","VICE PRESIDENT","VICE PRESIDENT","201901009349300810","540461014","VIRGINIA ASSOCIATION OF REALTORS","2018","990","https://nccs-efile.s3.us-east-1.amazonaws.com/xml/201901009349300810_public.xml","VICE PRESIDENT","2","0","1","1","0","0","0","0","0","0",NA,"0","0","1","0","0","0","0","0","0","0","0","0","operations","administration","General and operations manager","11","11-1000","11-1020","11-1021","X","","","X","","","","","","","",""
"MIKE NOEL","HH DISTRICT CHAIRMAN","2","0",NA,"HH  CHAIR","HH DISTRICT CHAIR","HH DISTRICT CHAIRMAN","HH DISTRICT CHAIRMAN","HH DISTRICT CHAIRMAN","201931649349301123","550357015","ALLOHAK COUNCIL INC - NO 618","2018","990","https://nccs-efile.s3.us-east-1.amazonaws.com/xml/201931649349301123_public.xml","HH DISTRICT CHAIRMAN","2","0","1","1","0","0","0","0","0","0",NA,"0","0","1","0","0","0","0","0","1","0","0","0",NA,NA,NA,NA,NA,NA,NA,NA,NA,NA,NA,NA,NA,NA,NA,NA,NA,NA,NA
"JERRY HARTZOG","TREASURER","2","0","TREASURER","TREASURER","TREASURER","TREASURER","TREASURER","TREASURER","201902199349300325","570802283","PET HELPERS INC","2018","990","https://nccs-efile.s3.us-east-1.amazonaws.com/xml/201902199349300325_public.xml","TREASURER","2","0","1","1","0","0","0","0","0","0",NA,"0","0","1","0","0","0","0","0","0","0","0","0","board","board","","","","","","","","","","","","X","","","","X",""
"MARGARET ELROD","PRESIDENT","2","0","BOARD PRESIDENT","PRESIDENT","PRESIDENT","PRESIDENT","PRESIDENT","PRESIDENT","202010449349300421","581949659","SHREVEPORT SYMPHONY ORCHESTRA FOUNDATION","2018","990","https://nccs-efile.s3.us-east-1.amazonaws.com/xml/202010449349300421_public.xml","PRESIDENT","1","1","1","1","0","0","0","0","0","0",NA,"0","0","1","0","0","0","0","0","0","0","0","0","board","board","","","","","","","","","","","","X","X","","","",""
"MARGARET ELROD","PRESIDENT","2","0","CEO","PRESIDENT","PRESIDENT","PRESIDENT","PRESIDENT","PRESIDENT","202010449349300421","581949659","SHREVEPORT SYMPHONY ORCHESTRA FOUNDATION","2018","990","https://nccs-efile.s3.us-east-1.amazonaws.com/xml/202010449349300421_public.xml","PRESIDENT","1","1","1","1","0","0","0","0","0","0",NA,"0","0","1","0","0","0","0","0","0","0","0","0","operations","administration","Chief executives","11","11-1000","11-1010","11-1011","X","X","","","","","","","","","",""
"BRENDA FOYE-CORNELIUS","BOARD MEMBER","2","0","BOARD MEMBER","BOARD MEMBER","BOARD MEMBER","BOARD MEMBER","BOARD MEMBER","BOARD MEMBER","201913189349303176","582634738","QUEST COMMUNITY DEVELOPMENT","2018","990","https://nccs-efile.s3.us-east-1.amazonaws.com/xml/201913189349303176_public.xml","BOARD MEMBER","2","0","1","0","0","0","0","0","0","0",NA,"0","0","1","0","0","0","0","0","0","0","0","0","board","board","","","","","","","","","","","","X","","","","",""
"ED BECKER","SECRETARY","2","0","BOARD SECRETARY","SECRETARY","SECRETARY","SECRETARY","SECRETARY","SECRETARY","201940219349200314","911384586","NORTHWEST SIGN COUNCIL","2018","990EZ","https://nccs-efile.s3.us-east-1.amazonaws.com/xml/201940219349200314_public.xml","SECRETARY","2","0",NA,NA,"0",NA,"0",NA,NA,NA,"0",NA,"0","1","0","0","0","0","0","0","0","0","0","board","board","","","","","","","","","","","","X","","","X","",""
"DAVID LAZAR","BOARD MEMBER","2","0","BOARD MEMBER","BOARD MEMBER","BOARD MEMBER","BOARD MEMBER","BOARD MEMBER","BOARD MEMBER","202021539349301942","946106198","San Francisco Police Activities League","2018","990","https://nccs-efile.s3.us-east-1.amazonaws.com/xml/202021539349301942_public.xml","BOARD MEMBER","2","0","1","0","0","0","0","0","0","0",NA,"0","0","1","0","0","0","0","0","0","0","0","0","board","board","","","","","","","","","","","","X","","","","",""
"BRIAN MCDONALD","RECORDER","1","0",NA,"RECORDER","RECORDER","RECORDER","RECORDER","RECORDER","202041979349307834","043143620","ADELPHI COUNCIL 4181 KNIGHTS OF COLUMBUS","2018","990","https://nccs-efile.s3.us-east-1.amazonaws.com/xml/202041979349307834_public.xml","RECORDER","1","0","0","1","0","0","0","0","0","0",NA,"0","0","1","0","0","0","0","0","0","0","0","0",NA,NA,NA,NA,NA,NA,NA,NA,NA,NA,NA,NA,NA,NA,NA,NA,NA,NA,NA
"JAMI LOWER","DIRECTOR","1","3000","BOARD MEMBER","DIRECTOR","DIRECTOR","DIRECTOR","DIRECTOR","DIRECTOR","201932779349200618","043352730","NANTUCKET STUDENT LACROSSE INC","2018","990EZ","https://nccs-efile.s3.us-east-1.amazonaws.com/xml/201932779349200618_public.xml","DIRECTOR","1","0",NA,NA,"3000",NA,"0",NA,NA,NA,"0",NA,"0","1","0","0","0","0","0","0","0","0","0","board","board","","","","","","","","","","","","X","","","","",""
"SANDY COHEN","BOARD MEMBER","1","0","BOARD MEMBER","BOARD MEMBER","BOARD MEMBER","BOARD MEMBER","BOARD MEMBER","BOARD MEMBER","202021649349301802","111986300","Adult Resources Center Inc","2018","990","https://nccs-efile.s3.us-east-1.amazonaws.com/xml/202021649349301802_public.xml","BOARD MEMBER","1","0","1","0","0","0","0","0","0","0",NA,"0","0","1","0","0","0","0","0","0","0","0","0","board","board","","","","","","","","","","","","X","","","","",""
"ROGER MARINO","TRUSTEE","1","0","BOARD MEMBER","TRUSTEE","TRUSTEE","TRUSTEE","TRUSTEE","TRUSTEE","201932139349200313","113128658","UNITED TEAMSTER LEGAL SERVICES FUND","2018","990EZ","https://nccs-efile.s3.us-east-1.amazonaws.com/xml/201932139349200313_public.xml","TRUSTEE","1","0",NA,NA,"0",NA,"0",NA,NA,NA,"0",NA,"0","1","0","0","0","0","0","0","0","0","0","board","board","","","","","","","","","","","","X","","","","",""
"JANE G PARKER","BOARD MEMBER","1","0","BOARD MEMBER","BOARD MEMBER","BOARD MEMBER","BOARD MEMBER","BOARD MEMBER","BOARD MEMBER","201933059349301653","222575208","BETHANY HOME FOUNDATION INC","2018","990","https://nccs-efile.s3.us-east-1.amazonaws.com/xml/201933059349301653_public.xml","BOARD MEMBER","0.5","0.5","1","0","0","0","0","0","0","0",NA,"0","0","1","0","0","0","0","0","0","0","0","0","board","board","","","","","","","","","","","","X","","","","",""
"CAROLYN MORGAN","TRUSTEE","1","1632","BOARD MEMBER","TRUSTEE","TRUSTEE","TRUSTEE","TRUSTEE","TRUSTEE","201902349349301435","237016872","AMERICAN POSTAL WORKERS UNION","2018","990","https://nccs-efile.s3.us-east-1.amazonaws.com/xml/201902349349301435_public.xml","TRUSTEE","1","0","1","0","1632","0","0","0","0","0",NA,"0","0","1","0","0","0","0","0","0","0","0","0","board","board","","","","","","","","","","","","X","","","","",""
"BRIAN BERNSKOETTER","Director","1","0","BOARD MEMBER","DIRECTOR","DIRECTOR","DIRECTOR","DIRECTOR","DIRECTOR","201931639349300708","430953286","JEFFERSON CITY AREA YMCA","2018","990","https://nccs-efile.s3.us-east-1.amazonaws.com/xml/201931639349300708_public.xml","DIRECTOR","1","0","1","0","0","0","0","0","0","0",NA,"0","0","1","0","0","0","0","0","0","0","0","0","board","board","","","","","","","","","","","","X","","","","",""
"YVONNE HARRIS","DIRECTOR","1","0","BOARD MEMBER","DIRECTOR","DIRECTOR","DIRECTOR","DIRECTOR","DIRECTOR","201913189349303416","455597137","INSIDE OUT FOUNDATION","2018","990","https://nccs-efile.s3.us-east-1.amazonaws.com/xml/201913189349303416_public.xml","DIRECTOR","1","0","1","0","0","0","0","0","0","0",NA,"0","0","1","0","0","0","0","0","0","0","0","0","board","board","","","","","","","","","","","","X","","","","",""
"KEN BREAW","DIRECTOR (UNTIL 11/18)","1","0",NA,"DIRECTOR ( )","DIRECTOR (UNTIL )","DIRECTOR (UNTIL )","DIRECTOR (UNTIL )","DIRECTOR (UNTIL )","201923129349201477","460378935","SIOUX RESIDENTIAL SERVICES INC","2018","990EZ","https://nccs-efile.s3.us-east-1.amazonaws.com/xml/201923129349201477_public.xml","DIRECTOR (UNTIL 11/18)","1","0",NA,NA,"0",NA,"0",NA,NA,NA,"0",NA,"1","1","0","0","0","0","0","0","0","1","0",NA,NA,NA,NA,NA,NA,NA,NA,NA,NA,NA,NA,NA,NA,NA,NA,NA,NA,NA
"JOSHUA MIHESUAH","DIRECTOR","1","0","BOARD MEMBER","DIRECTOR","DIRECTOR","DIRECTOR","DIRECTOR","DIRECTOR","201933129349303283","480796320","UNITED WAY OF DOUGLAS COUNTY INC","2018","990","https://nccs-efile.s3.us-east-1.amazonaws.com/xml/201933129349303283_public.xml","DIRECTOR","1","0","1","0","0","0","0","0","0","0",NA,"0","0","1","0","0","0","0","0","0","0","0","0","board","board","","","","","","","","","","","","X","","","","",""
"JUAN GONZALEZ","DIRECTOR","1","0","BOARD MEMBER","DIRECTOR","DIRECTOR","DIRECTOR","DIRECTOR","DIRECTOR","201931689349301083","521249353","WASHINGTON OFFICE ON LATIN AMERICA","2018","990","https://nccs-efile.s3.us-east-1.amazonaws.com/xml/201931689349301083_public.xml","DIRECTOR","1","0","1","0","0","0","0","0","0","0",NA,"0","0","1","0","0","0","0","0","0","0","0","0","board","board","","","","","","","","","","","","X","","","","",""
"GRAHAM LEE","Director","1","0","BOARD MEMBER","DIRECTOR","DIRECTOR","DIRECTOR","DIRECTOR","DIRECTOR","201932499349200118","521814730","EASTON CHORAL ARTS SOCIETY INC","2018","990EZ","https://nccs-efile.s3.us-east-1.amazonaws.com/xml/201932499349200118_public.xml","DIRECTOR","1","0",NA,NA,"0",NA,NA,NA,NA,NA,NA,NA,"0","1","0","0","0","0","0","0","0","0","0","board","board","","","","","","","","","","","","X","","","","",""
"JOHN E SUTHERS","DIRECTOR","1","0","BOARD MEMBER","DIRECTOR","DIRECTOR","DIRECTOR","DIRECTOR","DIRECTOR","202020139349301022","581030868","CHATHAM CLUB INC","2018","990","https://nccs-efile.s3.us-east-1.amazonaws.com/xml/202020139349301022_public.xml","DIRECTOR","1","0","1","0","0","0","0","0","0","0",NA,"0","0","1","0","0","0","0","0","0","0","0","0","board","board","","","","","","","","","","","","X","","","","",""
"Gary Morris","Treasurer","1","0","TREASURER","TREASURER","TREASURER","TREASURER","TREASURER","TREASURER","201922499349300237","581394645","Medlink Georgia Inc","2018","990","https://nccs-efile.s3.us-east-1.amazonaws.com/xml/201922499349300237_public.xml","TREASURER","1","0","1","1","0","0","0","0","0","0",NA,"0","0","1","0","0","0","0","0","0","0","0","0","board","board","","","","","","","","","","","","X","","","","X",""
"ROBERT PFEIFFER","PAST PRESIDENT","1","0","BOARD PRESIDENT","PRESIDENT","PAST PRESIDENT","PAST PRESIDENT","PAST PRESIDENT","PAST PRESIDENT","202010489349300546","592480884","BRADENTON ROTARY FOUNDATION","2018","990","https://nccs-efile.s3.us-east-1.amazonaws.com/xml/202010489349300546_public.xml","PAST PRESIDENT","1","0","1","0","0","0","0","0","0","0",NA,"0","0","1","0","0","0","0","0","0","0","1","0","board","board","","","","","","","","","","","","X","X","","","",""
"ROBERT PFEIFFER","PAST PRESIDENT","1","0","CEO","PRESIDENT","PAST PRESIDENT","PAST PRESIDENT","PAST PRESIDENT","PAST PRESIDENT","202010489349300546","592480884","BRADENTON ROTARY FOUNDATION","2018","990","https://nccs-efile.s3.us-east-1.amazonaws.com/xml/202010489349300546_public.xml","PAST PRESIDENT","1","0","1","0","0","0","0","0","0","0",NA,"0","0","1","0","0","0","0","0","0","0","1","0","operations","administration","Chief executives","11","11-1000","11-1010","11-1011","X","X","","","","","","","","","",""
"DAVID TOMITA","DIRECTOR","1","0","BOARD MEMBER","DIRECTOR","DIRECTOR","DIRECTOR","DIRECTOR","DIRECTOR","201923539349300207","621765785","CHILDREN'S ADVOCACY CENTER OF THE FIRST","2018","990","https://nccs-efile.s3.us-east-1.amazonaws.com/xml/201923539349300207_public.xml","DIRECTOR","1","0","1","0","0","0","0","0","0","0",NA,"0","0","1","0","0","0","0","0","0","0","0","0","board","board","","","","","","","","","","","","X","","","","",""
"ERIC HUGHES","DIRECTOR","1","0","BOARD MEMBER","DIRECTOR","DIRECTOR","DIRECTOR","DIRECTOR","DIRECTOR","202040419349300914","640507939","THREE RIVERS PLANNING & DEVELOPMENT","2018","990","https://nccs-efile.s3.us-east-1.amazonaws.com/xml/202040419349300914_public.xml","DIRECTOR","1","0","1","0","0","0","0","0","0","0",NA,"0","0","1","0","0","0","0","0","0","0","0","0","board","board","","","","","","","","","","","","X","","","","",""
"BOB PEEPLES","DIRECTOR","1","0","BOARD MEMBER","DIRECTOR","DIRECTOR","DIRECTOR","DIRECTOR","DIRECTOR","202040419349300914","640507939","THREE RIVERS PLANNING & DEVELOPMENT","2018","990","https://nccs-efile.s3.us-east-1.amazonaws.com/xml/202040419349300914_public.xml","DIRECTOR","1","0","1","0","0","0","0","0","0","0",NA,"0","0","1","0","0","0","0","0","0","0","0","0","board","board","","","","","","","","","","","","X","","","","",""
"Mitch Hiscocks","Director","1","0","BOARD MEMBER","DIRECTOR","DIRECTOR","DIRECTOR","DIRECTOR","DIRECTOR","201922039349301557","751563859","Academy of Veterinary Consultants Inc","2018","990","https://nccs-efile.s3.us-east-1.amazonaws.com/xml/201922039349301557_public.xml","DIRECTOR","1","0","1","0","0","0","0","0","0","0",NA,"0","0","1","0","0","0","0","0","0","0","0","0","board","board","","","","","","","","","","","","X","","","","",""
"CHARLES SCHEPENS","DIRECTOR","1","0","BOARD MEMBER","DIRECTOR","DIRECTOR","DIRECTOR","DIRECTOR","DIRECTOR","201903199349207940","760269842","SCHEPENS INTERNATIONAL SOCIETY INC","2018","990EZ","https://nccs-efile.s3.us-east-1.amazonaws.com/xml/201903199349207940_public.xml","DIRECTOR","1","0",NA,NA,"0",NA,NA,NA,NA,NA,NA,NA,"0","1","0","0","0","0","0","0","0","0","0","board","board","","","","","","","","","","","","X","","","","",""
"MICHAEL GIORDANO","SECRETARY/TR","1","0","BOARD SECRETARY","SECRETARY","SECRETARY","SECRETARY","SECRETARY&TR","SECRETARY/TR","201900659349200325","811332308","OHIO LABORERS' RETIREE COUNCIL","2018","990EZ","https://nccs-efile.s3.us-east-1.amazonaws.com/xml/201900659349200325_public.xml","SECRETARY/TR","1","0",NA,NA,"0",NA,NA,NA,NA,NA,NA,NA,"0","2","0","0","0","0","0","0","0","0","0","board","board","","","","","","","","","","","","X","","","X","",""
"MICHAEL GIORDANO","SECRETARY/TR","1","0","TREASURER","TREASURER","TREASURER","TR","SECRETARY&TR","SECRETARY/TR","201900659349200325","811332308","OHIO LABORERS' RETIREE COUNCIL","2018","990EZ","https://nccs-efile.s3.us-east-1.amazonaws.com/xml/201900659349200325_public.xml","SECRETARY/TR","1","0",NA,NA,"0",NA,NA,NA,NA,NA,NA,NA,"0","1","0","0","0","0","0","0","0","0","0","board","board","","","","","","","","","","","","X","","","","X",""
"Ann Anthony","Director","1","0","BOARD MEMBER","DIRECTOR","DIRECTOR","DIRECTOR","DIRECTOR","DIRECTOR","202011929349201431","821503127","Friends of Fishers Island Theater Inc","2018","990EZ","https://nccs-efile.s3.us-east-1.amazonaws.com/xml/202011929349201431_public.xml","DIRECTOR","1","0",NA,NA,"0",NA,NA,NA,NA,NA,NA,NA,"0","1","0","0","0","0","0","0","0","0","0","board","board","","","","","","","","","","","","X","","","","",""
"Joanne Pearlman","Treasurer","1","0","TREASURER","TREASURER","TREASURER","TREASURER","TREASURER","TREASURER","202041349349200414","832012184","National Postsecondary Strategy","2018","990EZ","https://nccs-efile.s3.us-east-1.amazonaws.com/xml/202041349349200414_public.xml","TREASURER","1","0",NA,NA,"0",NA,"0",NA,NA,NA,"0",NA,"0","1","0","0","0","0","0","0","0","0","0","board","board","","","","","","","","","","","","X","","","","X",""
"CLAYTON DOWELL","SGT AT ARMS","1","0","SERGEANT AT ARMS","SERGEANT AT ARMS","SERGEANT AT ARMS","SGT AT ARMS","SGT AT ARMS","SGT AT ARMS","201922669349301152","920013113","LABORERS INTERNATIONAL UNION OF","2018","990","https://nccs-efile.s3.us-east-1.amazonaws.com/xml/201922669349301152_public.xml","SGT AT ARMS","1","0","1","1","0","0","0","0","0","0",NA,"0","0","1","0","0","0","0","0","0","0","0","0","board","board","","","","","","","","","","","","X","","","","",""
"MIRIAM DYM","DIRECTOR","1","0","BOARD MEMBER","DIRECTOR","DIRECTOR","DIRECTOR","DIRECTOR","DIRECTOR","202040369349300239","942952488","THE LAB SF","2018","990","https://nccs-efile.s3.us-east-1.amazonaws.com/xml/202040369349300239_public.xml","DIRECTOR","1","0","1","0","0","0","0","0","0","0",NA,"0","0","1","0","0","0","0","0","0","0","0","0","board","board","","","","","","","","","","","","X","","","","",""
"JOHN SANFORD JR","BOARD MEMBER","1","0","BOARD MEMBER","BOARD MEMBER","BOARD MEMBER","BOARD MEMBER","BOARD MEMBER","BOARD MEMBER","202021539349301942","946106198","San Francisco Police Activities League","2018","990","https://nccs-efile.s3.us-east-1.amazonaws.com/xml/202021539349301942_public.xml","BOARD MEMBER","1","0","1","0","0","0","0","0","0","0",NA,"0","0","1","0","0","0","0","0","0","0","0","0","board","board","","","","","","","","","","","","X","","","","",""
"Christine L Quinn DDS MS","Secretary","1","0","BOARD SECRETARY","SECRETARY","SECRETARY","SECRETARY","SECRETARY","SECRETARY","201931599349300703","954046021","California Dental Society","2018","990","https://nccs-efile.s3.us-east-1.amazonaws.com/xml/201931599349300703_public.xml","SECRETARY","1","0","1","1","0","0","0","0","0","0",NA,"0","0","1","0","0","0","0","0","0","0","0","0","board","board","","","","","","","","","","","","X","","","X","",""
"KENNETH BALDYGA","CHAIRMAN","0.85","0","BOARD PRESIDENT","CHAIR","CHAIR","CHAIRMAN","CHAIRMAN","CHAIRMAN","202012309349301316","222560257","GRIFFIN HEALTH SERVICES CORPORATION","2018","990","https://nccs-efile.s3.us-east-1.amazonaws.com/xml/202012309349301316_public.xml","CHAIRMAN","0.23","0.62","1","1","0","0","0","0","0","0",NA,"0","0","1","0","0","0","0","0","0","0","0","0","board","board","","","","","","","","","","","","X","X","","","",""
"DANIRA ORTIZ","BOARD MEMBER","0.5","0","BOARD MEMBER","BOARD MEMBER","BOARD MEMBER","BOARD MEMBER","BOARD MEMBER","BOARD MEMBER","201933129349301503","050475365","CONNECTING FOR CHILDREN AND","2018","990","https://nccs-efile.s3.us-east-1.amazonaws.com/xml/201933129349301503_public.xml","BOARD MEMBER","0.5","0","1","0","0","0","0","0","0","0",NA,"0","0","1","0","0","0","0","0","0","0","0","0","board","board","","","","","","","","","","","","X","","","","",""
"GINA DABNEY","DIRECTOR","0.5","0","BOARD MEMBER","DIRECTOR","DIRECTOR","DIRECTOR","DIRECTOR","DIRECTOR","201903159349301405","521338092","CENTER FOR THE ARTS OF GREATER","2018","990","https://nccs-efile.s3.us-east-1.amazonaws.com/xml/201903159349301405_public.xml","DIRECTOR","0.5","0","1","0","0","0","0","0","0","0",NA,"0","0","1","0","0","0","0","0","0","0","0","0","board","board","","","","","","","","","","","","X","","","","",""
"ROBERT C LEE","STEWARD","0.5","1580",NA,"STEWARD","STEWARD","STEWARD","STEWARD","STEWARD","202020079349200117","570377916","COMMUNICATIONS WORKERS OF AMERICA","2018","990EZ","https://nccs-efile.s3.us-east-1.amazonaws.com/xml/202020079349200117_public.xml","STEWARD","0.5","0",NA,NA,"1580",NA,NA,NA,NA,NA,NA,NA,"0","1","0","0","0","0","0","0","0","0","0",NA,NA,NA,NA,NA,NA,NA,NA,NA,NA,NA,NA,NA,NA,NA,NA,NA,NA,NA
"KAYE CHON","BOARD MEMBER","0.5","0","BOARD MEMBER","BOARD MEMBER","BOARD MEMBER","BOARD MEMBER","BOARD MEMBER","BOARD MEMBER","201943179349301739","941244384","PACIFIC ASIA TRAVEL ASSOCIATION","2018","990","https://nccs-efile.s3.us-east-1.amazonaws.com/xml/201943179349301739_public.xml","BOARD MEMBER","0.5","0","1","0","0","0","0","0","0","0",NA,"0","0","1","0","0","0","0","0","0","0","0","0","board","board","","","","","","","","","","","","X","","","","",""
"DAVID O BROWN","TRUSTEE","0.25","0","BOARD MEMBER","TRUSTEE","TRUSTEE","TRUSTEE","TRUSTEE","TRUSTEE","201903189349311915","750945939","SOUTHWESTERN MEDICAL FOUNDATION","2018","990","https://nccs-efile.s3.us-east-1.amazonaws.com/xml/201903189349311915_public.xml","TRUSTEE","0.25","0","1","0","0","0","0","0","0","0",NA,"0","0","1","0","0","0","0","0","0","0","0","0","board","board","","","","","","","","","","","","X","","","","",""
"SUE MITTON","DIRECTOR","0","0","BOARD MEMBER","DIRECTOR","DIRECTOR","DIRECTOR","DIRECTOR","DIRECTOR","202032769349200428","043613129","DALTON RIDGE RUNNERS","2018","990EZ","https://nccs-efile.s3.us-east-1.amazonaws.com/xml/202032769349200428_public.xml","DIRECTOR","0","0",NA,NA,"0",NA,NA,NA,NA,NA,NA,NA,"0","1","0","0","0","0","0","0","0","0","0","board","board","","","","","","","","","","","","X","","","","",""
"ELIEZER GEWIRTZMAN","PRESIDENT","0","0","BOARD PRESIDENT","PRESIDENT","PRESIDENT","PRESIDENT","PRESIDENT","PRESIDENT","201921829349301322","133728771","YEDEI CHESED INC","2018","990","https://nccs-efile.s3.us-east-1.amazonaws.com/xml/201921829349301322_public.xml","PRESIDENT","0","0","1","1","0","0","0","0","0","0",NA,"0","0","1","0","0","0","0","0","0","0","0","0","board","board","","","","","","","","","","","","X","X","","","",""
"ELIEZER GEWIRTZMAN","PRESIDENT","0","0","CEO","PRESIDENT","PRESIDENT","PRESIDENT","PRESIDENT","PRESIDENT","201921829349301322","133728771","YEDEI CHESED INC","2018","990","https://nccs-efile.s3.us-east-1.amazonaws.com/xml/201921829349301322_public.xml","PRESIDENT","0","0","1","1","0","0","0","0","0","0",NA,"0","0","1","0","0","0","0","0","0","0","0","0","operations","administration","Chief executives","11","11-1000","11-1010","11-1011","X","X","","","","","","","","","",""
"PAUL RENTENBACH","TREASURER/CH","0","0","BOARD PRESIDENT","CHAIR","CHAIR","CH","TREASURER&CH","TREASURER/CH","202002899349301645","381358015","MATRIX HUMAN SERVICES","2018","990","https://nccs-efile.s3.us-east-1.amazonaws.com/xml/202002899349301645_public.xml","TREASURER/CH","0","0","1","1","0","0","0","0","0","0",NA,"0","0","1","0","0","0","0","0","0","0","0","0","board","board","","","","","","","","","","","","X","X","","","",""
"PAUL RENTENBACH","TREASURER/CH","0","0","TREASURER","TREASURER","TREASURER","TREASURER","TREASURER&CH","TREASURER/CH","202002899349301645","381358015","MATRIX HUMAN SERVICES","2018","990","https://nccs-efile.s3.us-east-1.amazonaws.com/xml/202002899349301645_public.xml","TREASURER/CH","0","0","1","1","0","0","0","0","0","0",NA,"0","0","2","0","0","0","0","0","0","0","0","0","board","board","","","","","","","","","","","","X","","","","X",""
"MARVIN LEE GREIS","DIRECTOR","0","0","BOARD MEMBER","DIRECTOR","DIRECTOR","DIRECTOR","DIRECTOR","DIRECTOR","201933199349207763","440477710","WALNUT GROVE CEMETERY ASSOCIATION","2018","990EZ","https://nccs-efile.s3.us-east-1.amazonaws.com/xml/201933199349207763_public.xml","DIRECTOR","0","0",NA,NA,"0",NA,NA,NA,NA,NA,NA,NA,"0","1","0","0","0","0","0","0","0","0","0","board","board","","","","","","","","","","","","X","","","","",""
"TONYCE BENN","Secretary","0","0","BOARD SECRETARY","SECRETARY","SECRETARY","SECRETARY","SECRETARY","SECRETARY","201903049349300240","462754170","CHCS FOUNDATION INC","2018","990","https://nccs-efile.s3.us-east-1.amazonaws.com/xml/201903049349300240_public.xml","SECRETARY","0","0","1","1","0","0","0","0","0","0",NA,"0","0","1","0","0","0","0","0","0","0","0","0","board","board","","","","","","","","","","","","X","","","X","",""
"MISTY SCHLAKE","DIRECTOR","0","0","BOARD MEMBER","DIRECTOR","DIRECTOR","DIRECTOR","DIRECTOR","DIRECTOR","201903199349315470","470652141","GOTHENBURG MEMORIAL HOSPITAL FOUNDA","2018","990","https://nccs-efile.s3.us-east-1.amazonaws.com/xml/201903199349315470_public.xml","DIRECTOR","0","0","1","0","0","0","0","0","0","0",NA,"0","0","1","0","0","0","0","0","0","0","0","0","board","board","","","","","","","","","","","","X","","","","",""
"DUANE POWELL","Director","0","0","BOARD MEMBER","DIRECTOR","DIRECTOR","DIRECTOR","DIRECTOR","DIRECTOR","201911349349304996","640624183","MAGEES CREEK WATER ASSOCIATION INC","2018","990","https://nccs-efile.s3.us-east-1.amazonaws.com/xml/201911349349304996_public.xml","DIRECTOR","0","0","1","0","0","0","0","0","0","0",NA,"0","0","1","0","0","0","0","0","0","0","0","0","board","board","","","","","","","","","","","","X","","","","",""
"DAVID PIKE","DIRECTOR","0","0","BOARD MEMBER","DIRECTOR","DIRECTOR","DIRECTOR","DIRECTOR","DIRECTOR","201911409349200206","710212973","WEST MEMPHIS CHAMBER OF COMMERCE","2018","990EZ","https://nccs-efile.s3.us-east-1.amazonaws.com/xml/201911409349200206_public.xml","DIRECTOR","0","0",NA,NA,"0",NA,NA,NA,NA,NA,NA,NA,"0","1","0","0","0","0","0","0","0","0","0","board","board","","","","","","","","","","","","X","","","","",""
"GARY PURDY","VICE PRESIDE","0","0","VICE PRESIDENT","VICE PRESIDENT","VICE PRESIDENT","VICE PRESIDE","VICE PRESIDE","VICE PRESIDE","201943169349305574","810488591","EAGLE BEND YACHT HARBOR BOATSLIP","2018","990","https://nccs-efile.s3.us-east-1.amazonaws.com/xml/201943169349305574_public.xml","VICE PRESIDE","0","0","1","1","0","0","0","0","0","0",NA,"0","0","1","0","0","0","0","0","0","0","0","0","operations","administration","General and operations manager","11","11-1000","11-1020","11-1021","X","","","X","","","","","","","",""
"Jamila Hokanson","President","0","0","BOARD PRESIDENT","PRESIDENT","PRESIDENT","PRESIDENT","PRESIDENT","PRESIDENT","201900569349200610","811287003","Society for Student-Run Free Clinics","2018","990EZ","https://nccs-efile.s3.us-east-1.amazonaws.com/xml/201900569349200610_public.xml","PRESIDENT","0","0",NA,NA,"0",NA,NA,NA,NA,NA,NA,NA,"0","1","0","0","0","0","0","0","0","0","0","board","board","","","","","","","","","","","","X","X","","","",""
"Jamila Hokanson","President","0","0","CEO","PRESIDENT","PRESIDENT","PRESIDENT","PRESIDENT","PRESIDENT","201900569349200610","811287003","Society for Student-Run Free Clinics","2018","990EZ","https://nccs-efile.s3.us-east-1.amazonaws.com/xml/201900569349200610_public.xml","PRESIDENT","0","0",NA,NA,"0",NA,NA,NA,NA,NA,NA,NA,"0","1","0","0","0","0","0","0","0","0","0","operations","administration","Chief executives","11","11-1000","11-1010","11-1011","X","X","","","","","","","","","",""
"JOE JOHNSTON","CHAIRMAN","0","0","BOARD PRESIDENT","CHAIR","CHAIR","CHAIRMAN","CHAIRMAN","CHAIRMAN","201933199349318463","860599958","ARIZONA RESTAURANT AND HOSPITALITY","2018","990","https://nccs-efile.s3.us-east-1.amazonaws.com/xml/201933199349318463_public.xml","CHAIRMAN","0","0","1","1","0","0","0","0","0","0",NA,"0","0","1","0","0","0","0","0","0","0","0","0","board","board","","","","","","","","","","","","X","X","","","",""
